,ts_code,trade_date,open,high,low,close,pre_close,change,pct_change,vol,amount
0,000938.SZ,20150526,32.04,32.04,32.04,32.04,29.13,2.91,9.99,541.79,1735.8952
1,000938.SZ,20150527,35.24,35.24,35.24,35.24,32.04,3.2,9.99,373.63,1316.6721
2,000938.SZ,20150528,38.76,38.76,38.76,38.76,35.24,3.52,9.99,1313.4,5090.7384
3,000938.SZ,20150529,42.64,42.64,42.64,42.64,38.76,3.88,10.01,782.63,3337.1343
4,000938.SZ,20150601,46.9,46.9,46.9,46.9,42.64,4.26,9.99,342.84,1607.9196
5,000938.SZ,20150602,51.59,51.59,51.59,51.59,46.9,4.69,10.0,178.95,923.2031
6,000938.SZ,20150603,56.75,56.75,56.75,56.75,51.59,5.16,10.0,437.82,2484.6285
7,000938.SZ,20150604,62.43,62.43,62.43,62.43,56.75,5.68,10.01,876.25,5470.4288
8,000938.SZ,20150605,68.67,68.67,68.67,68.67,62.43,6.24,10.0,1073.58,7372.2739
9,000938.SZ,20150608,75.54,75.54,75.54,75.54,68.67,6.87,10.0,1211.37,9150.689
10,000938.SZ,20150609,83.09,83.09,83.09,83.09,75.54,7.55,9.99,4102.6,34088.5034
11,000938.SZ,20150610,91.4,91.4,91.4,91.4,83.09,8.31,10.0,2426.69,22179.9466
12,000938.SZ,20150611,100.54,100.54,100.54,100.54,91.4,9.14,10.0,2352.4,23651.0296
13,000938.SZ,20150612,110.59,110.59,110.59,110.59,100.54,10.05,10.0,1375.68,15213.6451
14,000938.SZ,20150615,121.65,121.65,121.65,121.65,110.59,11.06,10.0,16770.95,204018.6068
15,000938.SZ,20150616,133.82,133.82,130.88,133.82,121.65,12.17,10.0,357882.77,4786147.5504
16,000938.SZ,20150617,134.0,139.5,126.08,130.0,133.82,-3.82,-2.85,343010.81,4575031.9503
17,000938.SZ,20150618,133.69,138.88,129.5,130.6,130.0,0.6,0.46,242261.27,3247657.1495
18,000938.SZ,20150619,125.0,125.0,117.54,117.54,130.6,-13.06,-10.0,159840.69,1895623.4187
19,000938.SZ,20150623,110.01,112.49,105.79,105.79,117.54,-11.75,-10.0,185438.41,1993394.8058
20,000938.SZ,20150624,107.0,111.5,103.13,107.0,105.79,1.21,1.14,154904.74,1661184.4807
21,000938.SZ,20150625,106.2,109.5,101.44,101.55,107.0,-5.45,-5.09,129099.31,1360099.4597
22,000938.SZ,20150626,96.0,97.8,91.4,91.4,101.55,-10.15,-10.0,118729.97,1100788.8428
23,000938.SZ,20150629,86.0,87.98,82.26,82.26,91.4,-9.14,-10.0,188369.94,1559654.1254
24,000938.SZ,20150630,83.5,90.49,77.01,90.49,82.26,8.23,10.0,167635.72,1413892.229
25,000938.SZ,20150701,92.11,94.99,81.44,81.44,90.49,-9.05,-10.0,223079.97,1999967.6535
26,000938.SZ,20150702,77.05,79.4,73.3,73.3,81.44,-8.14,-10.0,162512.86,1227515.8246
27,000938.SZ,20150703,72.0,76.6,66.0,67.71,73.3,-5.59,-7.63,192626.06,1357535.7315
28,000938.SZ,20150706,74.48,74.48,63.8,69.99,67.71,2.28,3.37,307874.14,2200926.1918
29,000938.SZ,20150707,66.0,67.87,62.99,62.99,69.99,-7.0,-10.0,90837.47,587526.5408
30,000938.SZ,20150708,56.69,56.69,56.69,56.69,62.99,-6.3,-10.0,30885.0,175087.065
31,000938.SZ,20150709,52.0,62.25,52.0,62.25,56.59,5.66,10.0,199617.96,1168972.0715
32,000938.SZ,20150710,68.0,68.48,65.47,68.48,62.25,6.23,10.01,45908.9,312201.584
33,000938.SZ,20150713,74.0,75.33,72.5,75.33,68.48,6.85,10.0,144280.92,1069883.2041
34,000938.SZ,20150714,81.99,82.86,79.5,82.86,75.33,7.53,10.0,258255.08,2113958.1537
35,000938.SZ,20150715,80.2,82.0,74.57,75.0,82.86,-7.86,-9.49,207135.99,1585892.266
36,000938.SZ,20150716,72.11,82.5,71.12,80.45,75.0,5.45,7.27,200655.52,1590345.5495
37,000938.SZ,20150717,81.0,87.3,77.9,84.6,80.45,4.15,5.16,199628.58,1652758.5365
38,000938.SZ,20150720,83.01,87.0,82.0,84.28,84.6,-0.32,-0.38,161804.21,1371446.461
39,000938.SZ,20150721,82.0,86.0,80.68,83.08,84.28,-1.2,-1.42,89945.69,749831.7452
40,000938.SZ,20150722,82.29,86.33,81.2,85.5,83.08,2.42,2.91,100216.21,842043.8808
41,000938.SZ,20150723,88.0,89.55,85.44,88.09,85.5,2.59,3.03,123466.66,1078513.9345
42,000938.SZ,20150724,88.0,88.8,83.83,84.2,88.09,-3.89,-4.42,117479.41,1021856.3626
43,000938.SZ,20150727,82.0,82.18,75.78,75.78,84.2,-8.42,-10.0,122766.19,970200.2546
44,000938.SZ,20150728,68.6,74.99,68.2,68.2,75.78,-7.58,-10.0,170296.91,1183970.843
45,000938.SZ,20150729,70.5,70.64,62.8,70.0,68.2,1.8,2.64,127162.43,861670.2721
46,000938.SZ,20150730,70.01,72.28,67.0,67.1,70.0,-2.9,-4.14,135488.06,957343.151
47,000938.SZ,20150731,64.06,66.49,62.01,63.65,67.1,-3.45,-5.14,97538.45,627238.2222
48,000938.SZ,20150803,62.27,63.49,58.01,62.58,63.65,-1.07,-1.68,81166.7,499775.6269
49,000938.SZ,20150804,64.11,68.84,64.04,68.84,62.58,6.26,10.0,87874.45,585656.1883
50,000938.SZ,20150805,70.0,72.26,68.2,69.9,68.84,1.06,1.54,119228.28,841200.5105
51,000938.SZ,20150806,68.9,76.02,68.18,72.4,69.9,2.5,3.58,109763.16,801912.4608
52,000938.SZ,20150807,72.8,75.8,71.5,75.5,72.4,3.1,4.28,116118.63,858005.6646
53,000938.SZ,20150810,75.9,80.66,75.03,78.98,75.5,3.48,4.61,123318.75,967613.5402
54,000938.SZ,20150811,78.02,79.38,77.0,77.42,78.98,-1.56,-1.98,88686.56,692753.2637
55,000938.SZ,20150812,76.3,76.93,73.64,73.81,77.42,-3.61,-4.66,73904.65,558026.2231
56,000938.SZ,20150813,73.97,75.51,70.12,75.49,73.81,1.68,2.28,78795.81,578152.9629
57,000938.SZ,20150814,75.5,80.68,75.11,78.2,75.49,2.71,3.59,107740.13,845576.0909
58,000938.SZ,20150817,77.77,77.8,75.6,77.62,78.2,-0.58,-0.74,73796.44,566770.4515
59,000938.SZ,20150818,77.81,78.87,69.86,69.86,77.62,-7.76,-10.0,115516.44,861576.6787
60,000938.SZ,20150819,66.5,72.18,64.52,71.32,69.86,1.46,2.09,100881.12,686822.4831
61,000938.SZ,20150820,70.16,77.32,68.8,69.58,71.32,-1.74,-2.44,110408.71,802473.3141
62,000938.SZ,20150821,66.86,67.85,64.71,65.1,69.58,-4.48,-6.44,88379.0,583760.5955
63,000938.SZ,20150824,60.6,62.5,58.59,58.59,65.1,-6.51,-10.0,57903.54,343591.2662
64,000938.SZ,20150825,53.0,55.68,52.73,52.73,58.59,-5.86,-10.0,97182.57,520376.393
65,000938.SZ,20150826,53.85,57.0,50.33,50.98,52.73,-1.75,-3.32,116804.05,632255.3061
66,000938.SZ,20150827,53.6,56.08,52.51,56.08,50.98,5.1,10.0,130371.78,717763.0702
67,000938.SZ,20150828,56.5,60.7,55.08,60.1,56.08,4.02,7.17,145719.87,833928.6741
68,000938.SZ,20150831,58.16,59.06,55.81,56.03,60.1,-4.07,-6.77,82170.58,474746.5133
69,000938.SZ,20150901,56.34,56.34,50.88,51.14,56.03,-4.89,-8.73,78392.21,415013.9011
70,000938.SZ,20150902,48.0,54.38,47.0,48.9,51.14,-2.24,-4.38,103283.09,517968.7868
71,000938.SZ,20150907,50.62,53.79,50.2,52.3,48.9,3.4,6.95,110754.5,585163.3408
72,000938.SZ,20150908,51.85,56.22,51.03,55.6,52.3,3.3,6.31,92701.03,493536.6743
73,000938.SZ,20150909,56.35,59.54,54.8,57.94,55.6,2.34,4.21,122733.5,706202.4623
74,000938.SZ,20150910,56.7,57.56,55.9,56.23,57.94,-1.71,-2.95,65906.12,373696.9627
75,000938.SZ,20150911,56.1,60.29,56.1,58.0,56.23,1.77,3.15,93483.77,547550.637
76,000938.SZ,20150914,59.3,60.88,52.4,52.8,58.0,-5.2,-8.97,110476.29,632181.7217
77,000938.SZ,20150915,51.01,53.9,49.88,50.56,52.8,-2.24,-4.24,76912.13,397571.573
78,000938.SZ,20150916,51.9,55.62,50.94,55.62,50.56,5.06,10.01,76221.96,405080.663
79,000938.SZ,20150917,56.7,61.18,56.66,58.69,55.62,3.07,5.52,155082.89,920752.9575
80,000938.SZ,20150918,59.55,61.98,58.27,60.98,58.69,2.29,3.9,102919.72,621081.8799
81,000938.SZ,20150921,59.87,63.47,58.99,63.18,60.98,2.2,3.61,95611.69,590922.7691
82,000938.SZ,20150922,63.33,63.33,60.92,61.95,63.18,-1.23,-1.95,87493.46,543966.1803
83,000938.SZ,20150923,61.4,64.88,60.52,63.7,61.95,1.75,2.82,116857.72,744995.8388
84,000938.SZ,20150924,64.92,70.07,62.86,70.07,63.7,6.37,10.0,159661.59,1085595.2394
85,000938.SZ,20150925,68.81,70.5,63.28,63.94,70.07,-6.13,-8.75,128605.56,852934.7889
86,000938.SZ,20150928,64.3,70.3,62.73,69.77,63.94,5.83,9.12,110424.45,744799.3963
87,000938.SZ,20151026,76.75,76.75,76.75,76.75,69.77,6.98,10.0,581.89,4466.0058
88,000938.SZ,20151027,84.43,84.43,84.43,84.43,76.75,7.68,10.01,849.63,7173.4261
89,000938.SZ,20151028,92.87,92.87,92.87,92.87,84.43,8.44,10.0,6226.25,57823.1838
90,000938.SZ,20151029,101.9,101.9,92.79,96.8,92.87,3.93,4.23,303446.7,2952837.2749
91,000938.SZ,20151030,94.26,95.1,89.98,92.3,96.8,-4.5,-4.65,150603.83,1396530.7566
92,000938.SZ,20151102,89.98,99.1,88.02,92.0,92.3,-0.3,-0.33,147582.28,1383157.7723
93,000938.SZ,20151103,92.6,100.0,92.18,98.9,92.0,6.9,7.5,164754.3,1592111.1526
94,000938.SZ,20151104,100.0,102.35,96.76,100.6,98.9,1.7,1.72,153179.6,1533899.5167
95,000938.SZ,20151105,99.0,110.66,98.5,110.66,100.6,10.06,10.0,220150.0,2354518.5748
96,000938.SZ,20151106,114.0,121.72,110.67,120.0,110.66,9.34,8.44,183522.61,2111411.615
97,000938.SZ,20151109,117.58,123.0,113.92,117.45,120.0,-2.55,-2.13,137036.61,1610823.3118
98,000938.SZ,20151110,117.45,124.99,116.14,118.78,117.45,1.33,1.13,127363.72,1530848.5383
99,000938.SZ,20151111,119.8,119.8,113.52,114.5,118.78,-4.28,-3.6,123795.16,1428041.1893
100,000938.SZ,20151112,114.71,119.38,112.68,113.48,114.5,-1.02,-0.89,119861.5,1396633.6609
101,000938.SZ,20151113,111.88,111.88,102.57,105.05,113.48,-8.43,-7.43,146285.75,1560932.2723
102,000938.SZ,20151116,102.5,110.54,101.95,110.0,105.05,4.95,4.71,100555.69,1084995.791
103,000938.SZ,20151117,112.6,112.6,103.47,103.56,110.0,-6.44,-5.85,113087.51,1211877.7472
104,000938.SZ,20151118,103.9,105.5,101.49,102.39,103.56,-1.17,-1.13,69245.38,715408.8665
105,000938.SZ,20151119,103.0,105.88,102.51,105.45,102.39,3.06,2.99,76975.6,803060.5888
106,000938.SZ,20151120,105.86,116.0,104.5,116.0,105.45,10.55,10.0,118563.36,1306618.6023
107,000938.SZ,20151123,120.0,121.0,110.0,112.59,116.0,-3.41,-2.94,109727.44,1265393.7272
108,000938.SZ,20151124,112.0,112.48,107.1,110.1,112.59,-2.49,-2.21,74002.22,814959.6295
109,000938.SZ,20151125,110.3,115.04,110.11,110.91,110.1,0.81,0.74,68101.04,766323.2103
110,000938.SZ,20151126,110.26,111.6,105.5,108.0,110.91,-2.91,-2.62,98678.05,1062894.7104
111,000938.SZ,20151127,106.0,111.11,100.0,100.88,108.0,-7.12,-6.59,87291.71,917395.7126
112,000938.SZ,20151130,100.5,102.49,92.0,99.25,100.88,-1.63,-1.62,80332.03,791599.5654
113,000938.SZ,20151201,98.46,100.99,95.2,96.05,99.25,-3.2,-3.22,70215.53,687067.9806
114,000938.SZ,20151202,96.11,98.0,91.0,98.0,96.05,1.95,2.03,61159.27,579282.2766
115,000938.SZ,20151203,97.4,104.49,96.89,103.5,98.0,5.5,5.61,98257.6,993184.9511
116,000938.SZ,20151204,103.2,106.69,100.3,102.78,103.5,-0.72,-0.7,74372.52,776434.7541
117,000938.SZ,20151207,102.85,104.5,101.71,102.78,102.78,0.0,0.0,41711.39,430066.0678
118,000938.SZ,20151208,103.0,104.98,100.62,103.45,102.78,0.67,0.65,59290.59,610054.335
119,000938.SZ,20151209,103.0,103.44,96.28,97.27,103.45,-6.18,-5.97,74013.52,736582.0245
120,000938.SZ,20151210,97.0,98.65,95.55,95.99,97.27,-1.28,-1.32,46985.91,453453.3791
121,000938.SZ,20151211,96.0,98.86,95.55,96.1,95.99,0.11,0.11,38316.28,371788.2071
122,000938.SZ,20151214,96.28,98.96,94.38,98.23,96.1,2.13,2.22,54291.66,526441.634
123,000938.SZ,20151215,98.0,99.3,97.26,97.45,98.23,-0.78,-0.79,62207.96,608983.4781
124,000938.SZ,20151216,98.4,98.8,95.25,96.5,97.45,-0.95,-0.97,64118.17,620025.7153
125,000938.SZ,20151217,97.11,103.08,96.6,102.8,96.5,6.3,6.53,103249.66,1033341.991
126,000938.SZ,20151218,101.89,102.0,97.66,98.68,102.8,-4.12,-4.01,71547.24,709809.4396
127,000938.SZ,20151221,98.0,99.09,97.05,98.09,98.68,-0.59,-0.6,39861.29,390375.3661
128,000938.SZ,20151222,98.2,101.95,97.51,100.0,98.09,1.91,1.95,64280.83,640010.8658
129,000938.SZ,20151223,99.99,100.2,96.06,96.5,100.0,-3.5,-3.5,66440.85,649441.9489
130,000938.SZ,20151224,96.9,98.54,95.88,97.15,96.5,0.65,0.67,35949.9,349589.0676
131,000938.SZ,20151225,97.5,98.9,96.26,97.98,97.15,0.83,0.85,33315.56,325960.6624
132,000938.SZ,20151228,98.33,104.68,97.4,101.8,97.98,3.82,3.9,128287.9,1307713.3864
133,000938.SZ,20151229,101.15,105.68,101.15,104.05,101.8,2.25,2.21,96645.88,1005437.192
134,000938.SZ,20151230,104.26,105.58,101.41,103.9,104.05,-0.15,-0.14,62616.03,649359.5549
135,000938.SZ,20151231,104.17,104.8,98.11,98.38,103.9,-5.52,-5.31,69064.51,700519.0755
136,000938.SZ,20160104,98.5,98.5,88.54,88.54,98.38,-9.84,-10.0,81743.08,746798.8332
137,000938.SZ,20160105,82.88,92.19,82.5,87.9,88.54,-0.64,-0.72,78453.73,682477.6004
138,000938.SZ,20160106,88.0,88.5,84.53,87.68,87.9,-0.22,-0.25,53291.13,462399.5509
139,000938.SZ,20160107,86.0,86.01,78.91,78.91,87.68,-8.77,-10.0,15882.51,128918.297
140,000938.SZ,20160108,79.5,81.8,71.02,76.3,78.91,-2.61,-3.31,82903.21,638219.2863
141,000938.SZ,20160111,74.53,74.8,68.67,68.67,76.3,-7.63,-10.0,97614.52,692658.7149
142,000938.SZ,20160112,68.88,70.97,66.01,70.21,68.67,1.54,2.24,65544.11,454723.9515
143,000938.SZ,20160113,70.78,70.98,63.19,63.19,70.21,-7.02,-10.0,73354.91,491787.55
144,000938.SZ,20160114,60.0,67.86,59.3,67.3,63.19,4.11,6.5,77702.22,495992.0363
145,000938.SZ,20160115,66.2,69.9,65.58,67.5,67.3,0.2,0.3,86902.2,593071.0001
146,000938.SZ,20160118,65.0,70.9,65.0,70.08,67.5,2.58,3.82,77375.4,531748.3937
147,000938.SZ,20160119,69.5,74.35,68.78,73.0,70.08,2.92,4.17,73759.54,524886.3025
148,000938.SZ,20160120,72.0,73.86,70.7,71.35,73.0,-1.65,-2.26,48973.53,353839.349
149,000938.SZ,20160121,70.0,72.4,66.5,66.5,71.35,-4.85,-6.8,48925.41,342998.9161
150,000938.SZ,20160122,68.29,69.83,66.3,69.64,66.5,3.14,4.72,60077.97,408500.9006
151,000938.SZ,20160125,71.0,76.6,70.3,76.6,69.64,6.96,9.99,65901.22,491434.5327
152,000938.SZ,20160126,77.3,77.85,68.98,69.42,76.6,-7.18,-9.37,106542.69,783222.5479
153,000938.SZ,20160127,69.48,70.5,64.51,70.5,69.42,1.08,1.56,79006.47,531196.9118
154,000938.SZ,20160128,68.25,69.53,63.68,64.75,70.5,-5.75,-8.16,60844.13,407182.3617
155,000938.SZ,20160129,64.88,68.85,64.51,67.56,64.75,2.81,4.34,46338.93,310923.8148
156,000938.SZ,20160201,67.0,67.0,61.38,62.5,67.56,-5.06,-7.49,80253.89,509194.5941
157,000938.SZ,20160202,62.25,65.86,62.2,64.99,62.5,2.49,3.98,65906.93,426496.8619
158,000938.SZ,20160203,64.0,64.76,62.35,64.43,64.99,-0.56,-0.86,50027.32,317913.3877
159,000938.SZ,20160204,65.0,68.87,65.0,67.68,64.43,3.25,5.04,67598.05,455871.0183
160,000938.SZ,20160205,67.67,67.89,66.07,66.8,67.68,-0.88,-1.3,42114.1,282278.8442
161,000938.SZ,20160215,64.02,66.88,63.8,66.14,66.8,-0.66,-0.99,35853.26,233982.7826
162,000938.SZ,20160216,67.35,71.92,67.28,70.86,66.14,4.72,7.14,67306.55,469985.0961
163,000938.SZ,20160217,70.0,71.18,68.6,70.77,70.86,-0.09,-0.13,57924.52,405182.1813
164,000938.SZ,20160218,72.98,73.85,70.7,70.74,70.77,-0.03,-0.04,67966.86,490459.3106
165,000938.SZ,20160219,70.46,70.88,69.02,70.0,70.74,-0.74,-1.05,44843.07,313549.7531
166,000938.SZ,20160222,70.77,72.47,70.66,71.25,70.0,1.25,1.79,47382.41,338034.6811
167,000938.SZ,20160223,71.46,73.46,69.9,70.6,71.25,-0.65,-0.91,54939.03,392995.9927
168,000938.SZ,20160224,67.33,68.14,65.0,66.52,70.6,-4.08,-5.78,110739.63,736531.6609
169,000938.SZ,20160225,66.78,67.4,60.5,61.28,66.52,-5.24,-7.88,79654.13,512398.0583
170,000938.SZ,20160226,61.82,62.88,59.35,61.25,61.28,-0.03,-0.05,52001.27,318731.1421
171,000938.SZ,20160229,61.01,61.5,55.13,55.21,61.25,-6.04,-9.86,70342.62,395408.4469
172,000938.SZ,20160301,55.52,55.69,49.9,53.5,55.21,-1.71,-3.1,106248.29,559000.2715
173,000938.SZ,20160302,53.39,58.8,51.87,57.5,53.5,4.0,7.48,107519.97,586020.0478
174,000938.SZ,20160303,56.72,59.98,56.0,56.73,57.5,-0.77,-1.34,92854.98,536769.7962
175,000938.SZ,20160304,56.0,56.53,52.08,53.42,56.73,-3.31,-5.83,67188.16,365003.0652
176,000938.SZ,20160307,54.23,56.09,53.89,54.51,53.42,1.09,2.04,62309.22,342812.5541
177,000938.SZ,20160308,54.0,55.61,50.9,55.57,54.51,1.06,1.94,68709.16,368094.939
178,000938.SZ,20160309,54.0,55.46,52.78,53.98,55.57,-1.59,-2.86,38074.09,207320.3001
179,000938.SZ,20160310,54.49,55.23,53.1,53.74,53.98,-0.24,-0.44,42631.71,232171.5188
180,000938.SZ,20160311,52.5,53.96,52.01,53.0,53.74,-0.74,-1.38,32219.5,171178.5772
181,000938.SZ,20160314,53.9,57.58,53.9,56.95,53.0,3.95,7.45,77099.89,434654.4638
182,000938.SZ,20160315,56.36,56.9,55.18,55.84,56.95,-1.11,-1.95,51361.74,287597.9048
183,000938.SZ,20160316,56.7,56.98,54.22,54.75,55.84,-1.09,-1.95,50099.14,277487.1512
184,000938.SZ,20160317,55.29,57.93,54.86,57.55,54.75,2.8,5.11,80177.98,455941.7643
185,000938.SZ,20160318,58.5,63.31,57.6,63.31,57.55,5.76,10.01,117844.17,714903.181
186,000938.SZ,20160321,64.98,66.85,64.44,65.63,63.31,2.32,3.66,119367.43,784017.0098
187,000938.SZ,20160322,64.98,68.23,64.01,66.0,65.63,0.37,0.56,92365.51,613349.5255
188,000938.SZ,20160323,66.06,66.77,64.9,66.69,66.0,0.69,1.05,65162.05,429330.1196
189,000938.SZ,20160324,70.15,72.49,66.0,66.06,66.69,-0.63,-0.94,125729.59,859564.4465
190,000938.SZ,20160325,64.6,66.09,63.45,64.38,66.06,-1.68,-2.54,75326.13,485943.8086
191,000938.SZ,20160328,64.82,66.17,62.45,62.89,64.38,-1.49,-2.31,61997.64,401380.7069
192,000938.SZ,20160329,63.05,63.46,60.11,61.0,62.89,-1.89,-3.01,58576.44,359847.6472
193,000938.SZ,20160330,62.81,64.23,61.68,64.19,61.0,3.19,5.23,60671.0,380806.2373
194,000938.SZ,20160331,64.41,64.59,63.3,63.8,64.19,-0.39,-0.61,68782.55,439846.981
195,000938.SZ,20160401,63.88,63.88,61.06,61.97,63.8,-1.83,-2.87,60362.5,373503.4694
196,000938.SZ,20160405,62.3,64.64,61.86,64.35,61.97,2.38,3.84,73075.82,463425.1322
197,000938.SZ,20160406,64.01,65.97,63.8,65.24,64.35,0.89,1.38,79711.05,517401.8097
198,000938.SZ,20160407,65.22,65.5,62.9,63.01,65.24,-2.23,-3.42,67580.97,431184.6067
199,000938.SZ,20160408,62.4,62.44,60.9,62.0,63.01,-1.01,-1.6,48753.63,300426.7173
200,000938.SZ,20160411,62.6,64.6,62.48,63.5,62.0,1.5,2.42,72940.68,464676.527
201,000938.SZ,20160412,63.02,64.37,62.11,63.47,63.5,-0.03,-0.05,49085.18,309628.3461
202,000938.SZ,20160413,64.0,65.87,64.0,64.8,63.47,1.33,2.1,104254.17,678366.5415
203,000938.SZ,20160414,65.2,65.86,65.01,65.78,64.8,0.98,1.51,67688.06,443371.8681
204,000938.SZ,20160415,65.91,66.27,64.38,64.95,65.78,-0.83,-1.26,56178.67,365250.6752
205,000938.SZ,20160418,64.2,64.2,62.3,62.69,64.95,-2.26,-3.48,55062.3,346164.5896
206,000938.SZ,20160419,63.35,63.95,62.37,63.25,62.69,0.56,0.89,40431.94,255383.5624
207,000938.SZ,20160420,63.26,63.49,57.6,59.03,63.25,-4.22,-6.67,76193.33,458402.8782
208,000938.SZ,20160421,59.0,59.6,57.52,57.74,59.03,-1.29,-2.19,49661.6,290209.6815
209,000938.SZ,20160422,57.3,58.68,57.1,58.21,57.74,0.47,0.81,32999.49,191513.1037
210,000938.SZ,20160425,58.23,59.19,56.83,58.8,58.21,0.59,1.01,30582.79,176978.6566
211,000938.SZ,20160426,58.42,59.17,57.75,58.97,58.8,0.17,0.29,30215.62,177189.8715
212,000938.SZ,20160427,58.85,59.33,58.4,58.66,58.97,-0.31,-0.53,27069.54,159382.6485
213,000938.SZ,20160428,59.15,62.18,58.65,61.86,58.66,3.2,5.46,65122.0,391906.8144
214,000938.SZ,20160429,61.3,61.65,60.0,60.64,61.86,-1.22,-1.97,36626.42,222668.0815
215,000938.SZ,20160503,59.6,61.45,58.0,61.25,60.64,0.61,1.01,57521.92,346591.89
216,000938.SZ,20160504,60.98,61.26,60.36,60.5,61.25,-0.75,-1.22,41238.16,250611.5785
217,000938.SZ,20160505,60.8,62.56,60.8,61.35,60.5,0.85,1.41,47645.67,293767.045
218,000938.SZ,20160506,61.13,61.27,57.8,57.94,61.35,-3.41,-5.56,63004.87,373340.1512
219,000938.SZ,20160509,57.0,57.2,54.5,54.97,57.94,-2.97,-5.13,44980.6,251110.472
220,000938.SZ,20160510,54.58,55.77,54.2,54.67,54.97,-0.3,-0.55,32807.62,179601.4154
221,000938.SZ,20160511,55.1,55.49,53.54,54.0,54.67,-0.67,-1.23,23369.69,127353.9598
222,000938.SZ,20160512,53.2,54.79,52.35,54.73,54.0,0.73,1.35,38593.13,208098.9783
223,000938.SZ,20160513,54.69,55.29,53.7,53.88,54.73,-0.85,-1.55,20760.73,113152.6441
224,000938.SZ,20160516,53.49,54.6,53.16,54.6,53.88,0.72,1.34,26991.46,146140.2014
225,000938.SZ,20160517,54.5,57.4,54.41,56.09,54.6,1.49,2.73,41901.03,233764.7676
226,000938.SZ,20160518,55.9,55.9,54.11,54.82,56.09,-1.27,-2.26,26160.49,143192.6198
227,000938.SZ,20160519,54.82,56.8,54.61,55.3,54.82,0.48,0.88,29645.8,165819.0886
228,000938.SZ,20160520,54.63,57.66,54.33,56.91,55.3,1.61,2.91,44895.24,255325.7462
229,000938.SZ,20160523,57.14,59.7,57.14,59.3,56.91,2.39,4.2,54409.4,319004.7315
230,000938.SZ,20160524,59.0,59.03,57.65,58.2,59.3,-1.1,-1.86,29431.0,171093.0491
231,000938.SZ,20160525,58.5,59.35,56.7,57.09,58.2,-1.11,-1.91,29626.29,172023.231
232,000938.SZ,20160526,57.15,57.6,55.77,57.51,57.09,0.42,0.74,27734.78,156856.2062
233,000938.SZ,20160527,57.39,58.49,57.16,57.47,57.51,-0.04,-0.07,22079.32,127705.9464
234,000938.SZ,20160530,56.5,60.0,56.3,58.81,57.47,1.34,2.33,62244.25,367373.0945
235,000938.SZ,20160531,58.5,61.61,58.02,61.45,58.81,2.64,4.49,76057.39,459331.7666
236,000938.SZ,20160601,61.44,61.49,60.55,60.76,61.45,-0.69,-1.12,54288.48,331089.2078
237,000938.SZ,20160602,60.6,61.3,60.36,60.92,60.76,0.16,0.26,37262.62,226644.1755
238,000938.SZ,20160603,60.81,62.49,60.36,60.86,60.92,-0.06,-0.1,57373.77,352566.2628
239,000938.SZ,20160606,61.16,61.34,59.7,59.97,60.86,-0.89,-1.46,42361.48,255890.104
240,000938.SZ,20160607,59.99,60.5,59.52,60.07,59.97,0.1,0.17,38058.14,228268.7197
241,000938.SZ,20160608,60.07,62.13,60.02,61.6,60.07,1.53,2.55,58659.89,359309.5383
242,000938.SZ,20160613,60.71,61.05,57.5,57.51,61.6,-4.09,-6.64,47819.1,285824.6385
243,000938.SZ,20160614,57.3,57.79,55.8,56.39,57.51,-1.12,-1.95,29777.33,168925.1258
244,000938.SZ,20160615,55.83,59.25,55.7,58.43,56.39,2.04,3.62,37805.44,219277.0181
245,000938.SZ,20160616,58.24,58.87,57.2,57.44,58.43,-0.99,-1.69,32256.83,186343.6793
246,000938.SZ,20160617,57.81,59.49,57.81,58.1,57.44,0.66,1.15,29855.09,175234.8069
247,000938.SZ,20160620,58.23,59.6,56.7,58.7,58.1,0.6,1.03,30340.9,176359.9746
248,000938.SZ,20160621,59.77,60.59,57.51,58.07,58.7,-0.63,-1.07,41338.25,245339.5402
249,000938.SZ,20160622,57.99,59.66,57.3,59.6,58.07,1.53,2.63,27200.96,159271.1961
250,000938.SZ,20160623,59.36,60.2,58.7,59.49,59.6,-0.11,-0.18,31949.98,190092.4723
251,000938.SZ,20160624,59.13,60.0,56.1,57.85,59.49,-1.64,-2.76,42977.35,250739.3616
252,000938.SZ,20160627,57.58,60.5,57.37,60.11,57.85,2.26,3.91,52959.7,314393.9403
253,000938.SZ,20160628,59.7,60.63,59.5,60.4,60.11,0.29,0.48,44955.86,270371.4863
254,000938.SZ,20160629,60.68,61.96,60.55,61.86,60.4,1.46,2.42,73267.3,449461.6442
255,000938.SZ,20160630,62.04,62.22,60.63,60.88,61.86,-0.98,-1.58,41646.54,254164.3673
256,000938.SZ,20160701,60.9,61.48,59.91,60.35,60.88,-0.53,-0.87,31520.42,191004.6883
257,000938.SZ,20160704,60.0,61.5,59.99,61.26,60.35,0.91,1.51,39706.64,241680.524
258,000938.SZ,20160705,61.35,61.5,60.28,60.6,61.26,-0.66,-1.08,38376.29,233287.055
259,000938.SZ,20160706,60.6,61.48,60.09,60.4,60.6,-0.2,-0.33,28598.45,173445.7611
260,000938.SZ,20160707,60.49,60.72,59.29,59.82,60.38,-0.56,-0.93,32786.7,196333.1851
261,000938.SZ,20160708,59.82,60.45,59.6,59.9,59.82,0.08,0.13,25780.61,154470.5723
262,000938.SZ,20160711,60.21,60.97,59.39,60.02,59.9,0.12,0.2,44542.8,268068.1063
263,000938.SZ,20160712,60.08,61.02,59.12,61.0,60.02,0.98,1.63,42519.21,255866.4188
264,000938.SZ,20160713,60.91,61.88,60.59,61.8,61.0,0.8,1.31,59417.64,364512.2414
265,000938.SZ,20160714,61.8,61.98,61.1,61.9,61.8,0.1,0.16,44451.64,273657.2505
266,000938.SZ,20160715,61.98,62.32,60.74,60.78,61.9,-1.12,-1.81,49314.28,302567.547
267,000938.SZ,20160718,60.8,60.84,59.85,60.18,60.78,-0.6,-0.99,28488.63,171635.7187
268,000938.SZ,20160719,60.25,60.9,60.02,60.8,60.18,0.62,1.03,25172.89,152305.1073
269,000938.SZ,20160720,60.8,63.79,60.65,62.77,60.8,1.97,3.24,109701.14,686860.7722
270,000938.SZ,20160721,62.77,69.05,62.77,69.05,62.77,6.28,10.0,252608.72,1679002.7562
271,000938.SZ,20160722,69.0,71.44,68.33,68.81,69.05,-0.24,-0.35,148679.34,1036151.1325
272,000938.SZ,20160725,68.78,69.6,67.0,69.6,68.81,0.79,1.15,100229.46,685132.0134
273,000938.SZ,20160726,69.2,70.88,68.6,69.3,69.6,-0.3,-0.43,85100.78,592506.1624
274,000938.SZ,20160727,69.44,71.88,66.5,67.55,69.3,-1.75,-2.53,125902.89,871982.0735
275,000938.SZ,20160728,67.6,67.77,64.5,65.69,67.55,-1.86,-2.75,78551.7,518989.9091
276,000938.SZ,20160729,66.5,66.97,64.5,66.65,65.69,0.96,1.46,56605.81,373284.0484
277,000938.SZ,20160801,66.07,66.1,61.94,63.28,66.65,-3.37,-5.06,65452.56,415684.1039
278,000938.SZ,20160802,63.09,63.88,62.51,63.49,63.28,0.21,0.33,38327.06,242490.5615
279,000938.SZ,20160803,63.34,65.29,62.47,64.65,63.49,1.16,1.83,52018.4,331862.0324
280,000938.SZ,20160804,64.41,65.38,63.78,64.83,64.65,0.18,0.28,44425.63,286548.4386
281,000938.SZ,20160805,64.5,64.78,62.89,62.9,64.83,-1.93,-2.98,40054.23,254583.3323
282,000938.SZ,20160808,62.52,63.92,62.42,63.88,62.9,0.98,1.56,31804.94,201673.8242
283,000938.SZ,20160809,63.96,65.7,63.88,65.63,63.88,1.75,2.74,46742.54,303018.8819
284,000938.SZ,20160810,65.59,65.96,64.22,64.26,65.63,-1.37,-2.09,39561.43,257121.2584
285,000938.SZ,20160811,64.05,64.38,63.03,63.08,64.26,-1.18,-1.84,32242.42,204784.0006
286,000938.SZ,20160812,63.12,64.29,62.6,64.29,63.08,1.21,1.92,33018.56,209039.2489
287,000938.SZ,20160815,64.18,67.3,63.61,66.72,64.29,2.43,3.78,67740.47,445178.1418
288,000938.SZ,20160816,66.6,68.0,65.9,66.22,66.72,-0.5,-0.75,49481.56,328928.9712
289,000938.SZ,20160817,66.06,66.98,65.91,66.89,66.22,0.67,1.01,37362.38,248479.7903
290,000938.SZ,20160818,66.93,67.42,65.62,65.7,66.89,-1.19,-1.78,35734.48,237271.3969
291,000938.SZ,20160819,65.6,65.88,64.78,65.07,65.7,-0.63,-0.96,25466.88,165919.2235
292,000938.SZ,20160822,65.02,65.8,64.48,64.49,65.07,-0.58,-0.89,20602.84,134161.6943
293,000938.SZ,20160823,64.41,65.12,64.23,64.5,64.49,0.01,0.02,17246.62,111448.5373
294,000938.SZ,20160824,65.0,65.25,63.98,64.11,64.5,-0.39,-0.6,22996.58,148367.0693
295,000938.SZ,20160825,63.7,63.7,62.61,63.08,64.11,-1.03,-1.61,29287.62,184758.6243
296,000938.SZ,20160826,63.29,63.94,63.1,63.27,63.08,0.19,0.3,16327.28,103649.0815
297,000938.SZ,20160829,63.3,64.56,63.15,64.45,63.27,1.18,1.87,20849.57,133464.4751
298,000938.SZ,20160830,64.45,64.96,64.0,64.48,64.45,0.03,0.05,18086.47,116564.2861
299,000938.SZ,20160831,64.51,64.69,62.88,63.23,64.48,-1.25,-1.94,31790.79,201504.3399
300,000938.SZ,20160901,63.23,63.94,63.02,63.1,63.23,-0.13,-0.21,18419.17,116863.3512
301,000938.SZ,20160902,63.0,63.66,62.26,62.53,63.1,-0.57,-0.9,22092.57,138955.3095
302,000938.SZ,20160905,62.66,63.0,62.1,62.18,62.53,-0.35,-0.56,19740.63,123411.8601
303,000938.SZ,20160906,62.49,63.19,61.6,63.18,62.18,1.0,1.61,25124.21,156517.5608
304,000938.SZ,20160907,62.94,63.88,62.94,63.23,63.18,0.05,0.08,21763.59,137895.955
305,000938.SZ,20160908,63.3,63.9,63.13,63.49,63.23,0.26,0.41,18997.31,120874.6997
306,000938.SZ,20160909,63.86,65.27,63.65,64.16,63.49,0.67,1.06,46006.47,297031.4225
307,000938.SZ,20160912,63.07,63.32,60.77,60.8,64.16,-3.36,-5.24,45054.16,279125.3763
308,000938.SZ,20160913,61.38,61.43,60.88,61.23,60.8,0.43,0.71,17711.4,108365.5224
309,000938.SZ,20160914,61.01,61.49,60.51,60.7,61.23,-0.53,-0.87,19056.39,116116.1788
310,000938.SZ,20160919,60.83,61.48,60.83,60.94,60.7,0.24,0.4,16100.48,98376.3303
311,000938.SZ,20160920,61.06,61.4,60.87,61.16,60.94,0.22,0.36,12340.67,75389.1311
312,000938.SZ,20160921,61.01,61.49,61.01,61.2,61.16,0.04,0.07,10166.33,62361.3771
313,000938.SZ,20160922,61.33,61.8,60.95,61.11,61.2,-0.09,-0.15,16640.51,102063.3277
314,000938.SZ,20160923,61.14,63.2,61.11,62.01,61.11,0.9,1.47,24296.54,150820.9621
315,000938.SZ,20160926,61.9,62.45,60.7,60.83,62.01,-1.18,-1.9,16630.66,102456.2429
316,000938.SZ,20160927,60.89,62.44,60.8,62.08,60.83,1.25,2.05,19641.51,121419.894
317,000938.SZ,20160928,62.3,63.05,61.83,62.05,62.08,-0.03,-0.05,19481.25,121226.0008
318,000938.SZ,20160929,62.2,63.45,61.82,63.2,62.05,1.15,1.85,33931.75,213710.3813
319,000938.SZ,20160930,62.88,63.29,62.6,62.7,63.2,-0.5,-0.79,19722.26,123918.6199
320,000938.SZ,20161010,63.37,65.3,63.35,64.43,62.7,1.73,2.76,40141.55,258437.6806
321,000938.SZ,20161011,64.39,64.4,63.62,63.89,64.43,-0.54,-0.84,22827.95,145860.6976
322,000938.SZ,20161012,63.7,64.18,63.37,63.95,63.89,0.06,0.09,19974.32,127537.9714
323,000938.SZ,20161013,63.91,64.25,62.99,63.12,63.95,-0.83,-1.3,21024.1,133656.976
324,000938.SZ,20161014,63.18,63.46,62.9,63.29,63.12,0.17,0.27,13884.69,87709.1394
325,000938.SZ,20161017,63.6,65.0,63.21,63.75,63.29,0.46,0.73,40870.94,262642.3627
326,000938.SZ,20161018,63.85,64.27,63.36,64.24,63.75,0.49,0.77,25043.41,160102.4058
327,000938.SZ,20161019,64.27,64.46,63.14,63.4,64.24,-0.84,-1.31,31300.69,199337.6995
328,000938.SZ,20161020,63.2,63.56,63.0,63.25,63.4,-0.15,-0.24,20080.71,126977.9638
329,000938.SZ,20161021,63.23,63.42,62.4,62.75,63.25,-0.5,-0.79,22751.02,142875.9052
330,000938.SZ,20161024,62.7,63.44,62.5,63.22,62.75,0.47,0.75,19883.76,125403.5548
331,000938.SZ,20161025,63.23,63.45,63.11,63.18,63.22,-0.04,-0.06,15029.85,95041.9603
332,000938.SZ,20161026,63.18,63.45,62.2,62.42,63.18,-0.76,-1.2,19726.06,123758.3171
333,000938.SZ,20161027,62.59,62.59,61.8,62.0,62.42,-0.42,-0.67,15728.46,97563.9581
334,000938.SZ,20161028,62.08,62.5,61.4,61.54,62.0,-0.46,-0.74,22497.61,138930.5002
335,000938.SZ,20161031,61.41,61.87,61.28,61.6,61.54,0.06,0.1,17362.85,106856.404
336,000938.SZ,20161101,61.66,62.66,61.51,62.42,61.6,0.82,1.33,23836.21,148287.868
337,000938.SZ,20161102,61.01,62.38,61.01,61.5,62.42,-0.92,-1.47,19730.96,121549.327
338,000938.SZ,20161103,61.3,62.16,61.12,61.51,61.5,0.01,0.02,21119.33,130383.193
339,000938.SZ,20161104,61.78,62.48,61.6,61.8,61.51,0.29,0.47,21948.58,136064.563
340,000938.SZ,20161107,62.0,62.24,61.63,61.79,61.8,-0.01,-0.02,17456.12,107990.075
341,000938.SZ,20161108,61.9,62.28,61.66,61.96,61.79,0.17,0.28,21012.61,130022.236
342,000938.SZ,20161109,61.97,61.99,59.85,60.65,61.96,-1.31,-2.11,39843.32,242580.078
343,000938.SZ,20161110,60.98,61.47,60.98,61.28,60.65,0.63,1.04,23360.72,142980.756
344,000938.SZ,20161111,61.14,61.3,60.34,60.8,61.28,-0.48,-0.78,29167.09,176878.733
345,000938.SZ,20161114,60.82,61.85,60.8,61.29,60.8,0.49,0.81,25334.94,155484.265
346,000938.SZ,20161115,61.26,61.74,61.21,61.68,61.29,0.39,0.64,22129.14,136062.837
347,000938.SZ,20161116,61.87,62.69,61.43,62.48,61.68,0.8,1.3,43460.39,269583.082
348,000938.SZ,20161117,62.11,62.48,61.5,61.89,62.48,-0.59,-0.94,30465.49,188297.895
349,000938.SZ,20161118,61.99,62.0,60.97,61.37,61.89,-0.52,-0.84,23351.91,143638.877
350,000938.SZ,20161121,61.03,62.02,61.03,61.29,61.37,-0.08,-0.13,20427.35,125416.549
351,000938.SZ,20161122,61.25,63.74,61.25,63.25,61.29,1.96,3.2,59972.5,375931.57
352,000938.SZ,20161123,63.2,63.28,62.0,62.29,63.25,-0.96,-1.52,34025.38,213053.367
353,000938.SZ,20161124,62.08,62.3,61.48,61.61,62.29,-0.68,-1.09,21346.35,132029.017
354,000938.SZ,20161125,61.65,62.48,60.91,62.11,61.61,0.5,0.81,31175.74,192710.821
355,000938.SZ,20161128,62.5,63.43,62.14,62.93,62.11,0.82,1.32,38098.38,239507.782
356,000938.SZ,20161129,62.99,63.86,62.68,62.95,62.93,0.02,0.03,50352.76,318424.295
357,000938.SZ,20161130,62.7,63.5,62.1,63.5,62.95,0.55,0.87,35424.94,223168.452
358,000938.SZ,20161201,63.61,63.81,62.92,63.16,63.5,-0.34,-0.54,30867.96,195554.578
359,000938.SZ,20161202,63.0,63.25,61.36,61.9,63.16,-1.26,-1.99,33807.55,210321.145
360,000938.SZ,20161205,61.39,62.18,61.21,61.8,61.9,-0.1,-0.16,17863.41,110569.482
361,000938.SZ,20161206,62.1,62.31,61.1,61.4,61.8,-0.4,-0.65,20612.17,126829.607
362,000938.SZ,20161207,61.55,61.75,61.0,61.69,61.4,0.29,0.47,15485.29,95256.793
363,000938.SZ,20161208,61.79,62.08,61.53,61.69,61.69,0.0,0.0,12696.68,78499.738
364,000938.SZ,20161209,61.56,61.56,61.0,61.4,61.69,-0.29,-0.47,22258.21,136259.879
365,000938.SZ,20161212,61.49,61.49,58.11,58.11,61.4,-3.29,-5.36,34845.59,207318.469
366,000938.SZ,20161213,58.15,58.47,55.99,56.92,58.11,-1.19,-2.05,22615.99,128704.058
367,000938.SZ,20161214,56.94,57.47,56.6,56.9,56.92,-0.02,-0.04,14096.61,80443.377
368,000938.SZ,20161215,56.4,57.83,56.4,57.23,56.9,0.33,0.58,15153.82,86714.583
369,000938.SZ,20161216,57.19,58.01,56.89,57.75,57.23,0.52,0.91,13007.78,74795.654
370,000938.SZ,20161219,57.7,57.7,56.58,56.73,57.75,-1.02,-1.77,15994.19,91001.322
371,000938.SZ,20161220,56.73,57.49,56.73,56.99,56.73,0.26,0.46,12040.48,68652.143
372,000938.SZ,20161221,57.8,59.9,57.6,59.0,56.99,2.01,3.53,31008.9,182866.488
373,000938.SZ,20161222,58.8,59.3,58.13,58.52,59.0,-0.48,-0.81,15022.07,88114.247
374,000938.SZ,20161223,58.29,58.85,57.64,57.64,58.52,-0.88,-1.5,10314.93,59837.505
375,000938.SZ,20161226,57.5,58.16,57.1,57.98,57.64,0.34,0.59,11197.49,64713.243
376,000938.SZ,20161227,57.8,58.32,57.46,57.51,57.98,-0.47,-0.81,11163.35,64438.799
377,000938.SZ,20161228,57.88,57.88,56.78,56.88,57.51,-0.63,-1.1,10040.38,57414.386
378,000938.SZ,20161229,56.69,57.34,56.5,56.57,56.88,-0.31,-0.55,10933.06,62267.179
379,000938.SZ,20161230,56.6,58.1,56.5,57.39,56.57,0.82,1.45,16918.45,97225.558
380,000938.SZ,20170103,57.64,57.66,56.95,57.54,57.39,0.15,0.26,12864.92,73758.905
381,000938.SZ,20170104,57.53,58.22,57.41,58.07,57.54,0.53,0.92,14807.28,85693.352
382,000938.SZ,20170105,58.2,58.23,57.75,57.88,58.07,-0.19,-0.33,8039.76,46572.975
383,000938.SZ,20170106,58.02,58.37,57.01,57.3,57.88,-0.58,-1.0,13472.35,77549.163
384,000938.SZ,20170109,57.07,57.72,57.07,57.33,57.3,0.03,0.05,9683.46,55541.609
385,000938.SZ,20170110,57.51,57.51,56.85,56.93,57.33,-0.4,-0.7,9883.62,56517.286
386,000938.SZ,20170111,56.93,57.35,56.76,56.84,56.93,-0.09,-0.16,10428.51,59396.21
387,000938.SZ,20170112,57.17,57.48,56.81,57.1,56.84,0.26,0.46,8600.41,49090.946
388,000938.SZ,20170113,57.1,57.35,56.03,56.23,57.1,-0.87,-1.52,13783.35,77876.771
389,000938.SZ,20170116,56.2,56.29,50.86,52.74,56.23,-3.49,-6.21,29550.83,157513.612
390,000938.SZ,20170117,52.07,53.03,51.4,52.75,52.74,0.01,0.02,13755.85,72029.493
391,000938.SZ,20170118,52.77,52.94,52.11,52.58,52.75,-0.17,-0.32,10296.37,54044.192
392,000938.SZ,20170119,52.75,52.78,51.95,52.41,52.58,-0.17,-0.32,6867.44,35966.321
393,000938.SZ,20170120,52.26,53.85,52.26,53.61,52.41,1.2,2.29,14822.92,79043.091
394,000938.SZ,20170123,53.71,54.29,53.65,53.9,53.61,0.29,0.54,15092.07,81580.632
395,000938.SZ,20170124,53.9,54.55,53.65,54.23,53.9,0.33,0.61,11848.71,64110.141
396,000938.SZ,20170125,54.13,54.86,54.13,54.53,54.23,0.3,0.55,7041.48,38384.535
397,000938.SZ,20170126,54.54,54.96,54.43,54.56,54.53,0.03,0.06,6399.77,34957.788
398,000938.SZ,20170203,54.66,54.93,54.01,54.22,54.56,-0.34,-0.62,6013.12,32661.563
399,000938.SZ,20170206,54.24,54.48,53.73,54.25,54.22,0.03,0.06,10643.49,57571.607
400,000938.SZ,20170207,54.26,54.3,53.59,53.69,54.25,-0.56,-1.03,8324.3,44874.246
401,000938.SZ,20170208,53.84,54.12,53.23,54.02,53.69,0.33,0.61,9422.82,50532.89
402,000938.SZ,20170209,54.08,55.99,53.88,55.39,54.02,1.37,2.54,17817.63,98092.277
403,000938.SZ,20170210,55.35,58.9,54.82,56.45,55.39,1.06,1.91,29079.0,165472.75
404,000938.SZ,20170213,56.49,57.19,56.02,56.51,56.45,0.06,0.11,15400.34,87229.313
405,000938.SZ,20170214,56.81,57.2,56.3,56.56,56.51,0.05,0.09,8407.56,47603.843
406,000938.SZ,20170215,56.42,56.91,55.61,55.64,56.56,-0.92,-1.63,14129.77,79419.36
407,000938.SZ,20170216,55.61,56.0,55.18,55.71,55.64,0.07,0.13,9293.73,51623.399
408,000938.SZ,20170217,55.49,56.09,54.68,54.76,55.71,-0.95,-1.71,11691.27,64459.243
409,000938.SZ,20170220,54.82,58.3,54.82,55.99,54.76,1.23,2.25,13950.12,78179.407
410,000938.SZ,20170221,55.99,56.49,55.7,56.38,55.99,0.39,0.7,11116.93,62554.569
411,000938.SZ,20170222,56.47,56.73,55.94,56.24,56.38,-0.14,-0.25,10058.28,56475.819
412,000938.SZ,20170223,56.32,56.48,55.68,56.1,56.24,-0.14,-0.25,9282.13,51987.485
413,000938.SZ,20170224,56.08,56.44,55.9,56.37,56.1,0.27,0.48,9462.59,53269.607
414,000938.SZ,20170227,56.35,56.35,55.58,55.6,56.37,-0.77,-1.37,10648.71,59519.281
415,000938.SZ,20170228,55.69,56.59,55.61,56.25,55.6,0.65,1.17,10181.54,57257.49
416,000938.SZ,20170301,56.2,56.66,55.98,56.24,56.25,-0.01,-0.02,14057.7,79114.096
417,000938.SZ,20170302,56.5,56.5,55.81,55.86,56.24,-0.38,-0.68,9454.81,53028.179
418,000938.SZ,20170303,55.71,55.9,55.02,55.8,55.86,-0.06,-0.11,11777.2,65285.694
419,000938.SZ,20170306,56.18,56.95,55.87,56.89,55.8,1.09,1.95,19318.53,109383.388
420,000938.SZ,20170420,53.2,54.71,51.66,52.01,56.89,-4.88,-8.58,48555.08,255836.84
421,000938.SZ,20170421,51.75,52.68,50.68,50.8,52.01,-1.21,-2.33,36864.47,189605.281
422,000938.SZ,20170424,50.88,52.27,50.1,52.03,50.8,1.23,2.42,29252.86,150468.138
423,000938.SZ,20170425,52.03,52.33,51.1,51.34,52.03,-0.69,-1.33,22066.96,114375.531
424,000938.SZ,20170426,50.84,52.96,50.84,51.53,51.34,0.19,0.37,26781.17,139610.337
425,000938.SZ,20170427,51.61,52.68,51.5,52.6,51.53,1.07,2.08,24008.58,125589.294
426,000938.SZ,20170428,52.04,52.5,51.75,52.15,52.6,-0.45,-0.86,21304.54,110974.753
427,000938.SZ,20170502,52.09,52.91,51.8,52.17,52.15,0.02,0.04,24098.07,126174.458
428,000938.SZ,20170503,52.08,52.68,51.86,52.42,52.17,0.25,0.48,15180.28,79594.716
429,000938.SZ,20170504,52.4,53.39,52.05,52.76,52.42,0.34,0.65,26645.26,141196.189
430,000938.SZ,20170505,52.41,54.0,52.41,52.45,52.76,-0.31,-0.59,12704.22,67060.218
431,000938.SZ,20170508,52.54,52.98,51.6,51.86,52.45,-0.59,-1.12,14487.41,76074.212
432,000938.SZ,20170509,51.86,52.1,51.17,51.78,51.86,-0.08,-0.15,14889.41,76742.303
433,000938.SZ,20170510,51.78,52.19,50.86,51.12,51.78,-0.66,-1.27,13248.39,68420.294
434,000938.SZ,20170511,51.01,51.29,48.89,49.53,51.12,-1.59,-3.11,24748.99,123441.187
435,000938.SZ,20170512,49.3,50.4,49.28,49.99,49.53,0.46,0.93,12342.4,61674.543
436,000938.SZ,20170515,51.01,51.79,51.0,51.29,49.99,1.3,2.6,14235.97,73139.904
437,000938.SZ,20170516,51.05,52.0,51.02,51.92,51.29,0.63,1.23,16802.87,86836.948
438,000938.SZ,20170517,52.2,53.92,52.0,53.13,51.92,1.21,2.33,30887.32,163990.763
439,000938.SZ,20170518,52.75,53.59,52.04,52.21,53.13,-0.92,-1.73,22997.48,121388.773
440,000938.SZ,20170519,52.31,53.28,52.02,53.01,52.21,0.8,1.53,15555.58,81843.291
441,000938.SZ,20170522,52.75,52.93,51.79,52.04,53.01,-0.97,-1.83,14008.92,73256.046
442,000938.SZ,20170523,51.81,52.47,50.41,50.44,52.04,-1.6,-3.07,16952.78,87392.574
443,000938.SZ,20170524,50.44,51.53,49.72,51.53,50.44,1.09,2.16,17521.43,89295.12
444,000938.SZ,20170525,51.58,52.34,51.01,51.9,51.53,0.37,0.72,14132.88,72956.065
445,000938.SZ,20170526,52.1,52.85,51.88,52.45,51.9,0.55,1.06,15041.58,78637.015
446,000938.SZ,20170531,52.8,53.08,52.3,52.33,52.45,-0.12,-0.23,17691.26,92890.689
447,000938.SZ,20170601,52.5,52.5,51.78,51.8,52.33,-0.53,-1.01,18397.64,96162.387
448,000938.SZ,20170602,51.76,52.87,50.5,52.75,51.8,0.95,1.83,19267.74,99849.766
449,000938.SZ,20170605,52.82,53.17,52.41,52.76,52.75,0.01,0.02,16286.0,86024.721
450,000938.SZ,20170606,52.52,52.93,51.84,52.22,52.76,-0.54,-1.02,15927.36,83402.384
451,000938.SZ,20170607,52.4,53.67,52.22,53.49,52.22,1.27,2.43,29074.61,154686.42
452,000938.SZ,20170608,53.6,53.66,53.1,53.36,53.49,-0.13,-0.24,16858.64,89895.348
453,000938.SZ,20170609,53.45,53.53,52.86,53.38,53.36,0.02,0.04,15062.17,80122.992
454,000938.SZ,20170612,53.09,53.14,52.28,52.4,53.38,-0.98,-1.84,16599.99,87366.627
455,000938.SZ,20170613,52.3,52.97,52.3,52.71,52.4,0.31,0.59,14617.35,77090.639
456,000938.SZ,20170614,52.79,53.15,52.57,52.77,52.71,0.06,0.11,11265.01,59512.248
457,000938.SZ,20170615,52.75,53.98,52.6,53.55,52.77,0.78,1.48,23752.53,127110.703
458,000938.SZ,20170616,53.55,54.6,53.41,54.47,53.55,0.92,1.72,25561.7,138324.492
459,000938.SZ,20170619,54.22,54.79,54.1,54.3,54.47,-0.17,-0.31,21254.73,115637.72
460,000938.SZ,20170620,54.6,54.86,54.15,54.27,54.3,-0.03,-0.06,13673.58,74359.541
461,000938.SZ,20170621,54.99,55.18,54.03,54.58,54.27,0.31,0.57,19398.9,105568.898
462,000938.SZ,20170622,54.41,57.39,54.22,55.56,54.58,0.98,1.8,56419.44,316563.912
463,000938.SZ,20170623,55.2,56.54,55.12,56.41,55.56,0.85,1.53,35835.18,200446.847
464,000938.SZ,20170626,56.55,59.95,56.51,59.59,56.41,3.18,5.64,73382.46,430554.588
465,000938.SZ,20170627,59.99,60.15,58.81,59.12,59.59,-0.47,-0.79,38146.91,226178.205
466,000938.SZ,20170628,59.01,59.88,58.1,58.5,59.12,-0.62,-1.05,37799.61,222789.215
467,000938.SZ,20170629,58.61,62.84,58.61,60.99,58.5,2.49,4.26,84949.66,518700.674
468,000938.SZ,20170630,60.31,61.46,60.02,61.12,60.99,0.13,0.21,49778.84,303032.606
469,000938.SZ,20170703,61.15,61.69,60.21,60.59,61.12,-0.53,-0.87,45446.03,276180.556
470,000938.SZ,20170704,61.0,61.5,58.82,59.35,60.59,-1.24,-2.05,62112.33,370827.344
471,000938.SZ,20170705,59.42,59.45,57.85,59.39,59.35,0.04,0.07,49205.84,289444.773
472,000938.SZ,20170706,59.39,60.5,58.8,59.0,59.39,-0.39,-0.66,48455.46,288732.073
473,000938.SZ,20170707,58.61,59.32,58.11,58.94,58.9,0.04,0.07,30802.03,181128.604
474,000938.SZ,20170710,58.8,58.94,57.29,58.08,58.94,-0.86,-1.46,53674.57,310965.217
475,000938.SZ,20170711,57.91,58.5,57.58,57.6,58.08,-0.48,-0.83,29912.6,173482.125
476,000938.SZ,20170712,57.4,57.78,56.24,57.08,57.6,-0.52,-0.9,36223.45,205891.623
477,000938.SZ,20170713,57.08,58.38,56.57,58.38,57.08,1.3,2.28,47033.35,270968.544
478,000938.SZ,20170714,58.19,58.63,57.84,58.01,58.38,-0.37,-0.63,26816.67,156008.104
479,000938.SZ,20170717,58.2,58.2,53.0,54.26,58.01,-3.75,-6.46,57610.2,319666.138
480,000938.SZ,20170718,54.03,55.39,54.03,54.77,54.26,0.51,0.94,22646.18,124257.85
481,000938.SZ,20170719,54.31,55.95,54.31,55.81,54.77,1.04,1.9,28758.74,158795.828
482,000938.SZ,20170720,55.6,56.54,53.63,53.93,55.81,-1.88,-3.37,63719.64,350479.263
483,000938.SZ,20170721,54.68,55.4,54.02,54.87,53.93,0.94,1.74,44642.71,244338.873
484,000938.SZ,20170724,54.87,54.87,53.8,54.3,54.87,-0.57,-1.04,33984.6,184039.928
485,000938.SZ,20170725,54.21,54.57,53.6,53.62,54.3,-0.68,-1.25,27593.9,149035.631
486,000938.SZ,20170726,53.65,53.9,52.86,53.0,53.62,-0.62,-1.16,25601.24,136280.506
487,000938.SZ,20170727,52.86,55.2,52.3,54.9,53.0,1.9,3.58,39435.92,214002.032
488,000938.SZ,20170728,54.78,54.8,53.91,54.0,54.9,-0.9,-1.64,23668.76,128275.976
489,000938.SZ,20170731,54.05,55.41,53.83,55.05,54.0,1.05,1.94,32825.87,180132.122
490,000938.SZ,20170801,55.0,55.29,54.65,55.0,55.05,-0.05,-0.09,23710.55,130125.816
491,000938.SZ,20170802,55.0,55.44,54.21,54.25,55.0,-0.75,-1.36,27178.46,148708.416
492,000938.SZ,20170803,54.02,54.65,53.58,53.94,54.25,-0.31,-0.57,18933.06,102497.369
493,000938.SZ,20170804,53.95,54.77,53.81,53.97,53.94,0.03,0.06,19244.38,104575.559
494,000938.SZ,20170807,53.96,54.8,53.71,54.05,53.97,0.08,0.15,18612.89,100845.018
495,000938.SZ,20170808,53.95,54.0,53.45,53.61,54.05,-0.44,-0.81,23781.51,127686.903
496,000938.SZ,20170809,53.59,53.92,53.5,53.8,53.61,0.19,0.35,12416.07,66760.105
497,000938.SZ,20170810,53.9,55.28,53.62,55.05,53.8,1.25,2.32,41658.8,227994.751
498,000938.SZ,20170811,54.99,54.99,52.99,53.25,55.05,-1.8,-3.27,33443.76,180509.852
499,000938.SZ,20170814,53.25,54.9,53.15,54.74,53.25,1.49,2.8,28936.27,156984.737
500,000938.SZ,20170815,54.74,55.28,54.41,54.89,54.74,0.15,0.27,26306.46,144271.783
501,000938.SZ,20170816,54.92,56.45,54.43,56.1,54.89,1.21,2.2,47650.06,264381.309
502,000938.SZ,20170817,55.81,60.16,55.66,58.0,56.1,1.9,3.39,92702.77,537646.96
503,000938.SZ,20170818,57.57,58.3,57.01,57.28,58.0,-0.72,-1.24,45948.12,264119.103
504,000938.SZ,20170821,57.28,59.6,57.28,58.16,57.28,0.88,1.54,49403.58,289428.473
505,000938.SZ,20170822,58.01,58.99,56.54,56.91,58.16,-1.25,-2.15,49186.7,282579.149
506,000938.SZ,20170823,56.98,57.44,56.21,56.49,56.91,-0.42,-0.74,31437.43,178538.842
507,000938.SZ,20170824,56.4,56.94,56.22,56.75,56.49,0.26,0.46,19289.19,109054.982
508,000938.SZ,20170825,57.0,57.14,56.01,56.68,56.75,-0.07,-0.12,28562.79,161867.42
509,000938.SZ,20170828,56.97,58.58,56.68,58.11,56.68,1.43,2.52,45078.88,260618.424
510,000938.SZ,20170829,58.05,58.25,57.37,57.56,58.11,-0.55,-0.95,27167.24,156636.798
511,000938.SZ,20170830,57.76,58.27,57.28,57.7,57.56,0.14,0.24,28550.94,165084.195
512,000938.SZ,20170831,57.7,58.33,57.6,58.16,57.7,0.46,0.8,27724.71,160761.95
513,000938.SZ,20170901,58.23,58.48,57.32,58.07,58.16,-0.09,-0.15,33125.39,191526.42
514,000938.SZ,20170904,58.07,60.47,57.71,60.0,58.07,1.93,3.32,82257.39,490902.609
515,000938.SZ,20170905,59.7,61.49,59.35,59.43,60.0,-0.57,-0.95,60295.06,362904.749
516,000938.SZ,20170906,59.29,60.23,58.88,59.92,59.43,0.49,0.82,47117.5,280532.311
517,000938.SZ,20170907,59.9,60.3,58.31,58.32,59.92,-1.6,-2.67,55009.55,324983.417
518,000938.SZ,20170908,58.13,58.95,57.7,58.4,58.32,0.08,0.14,31170.93,181891.415
519,000938.SZ,20170911,58.29,58.68,58.03,58.55,58.4,0.15,0.26,18627.4,108664.346
520,000938.SZ,20170912,58.6,59.97,57.9,59.18,58.55,0.63,1.08,38648.05,226779.979
521,000938.SZ,20170913,59.14,59.14,58.17,58.35,59.18,-0.83,-1.4,22304.96,130368.125
522,000938.SZ,20170914,58.18,59.39,58.14,58.62,58.35,0.27,0.46,28100.48,165247.599
523,000938.SZ,20170915,58.55,58.55,56.92,57.16,58.62,-1.46,-2.49,40589.23,233185.343
524,000938.SZ,20170918,57.2,58.2,57.06,57.56,57.16,0.4,0.7,28157.94,162161.003
525,000938.SZ,20170919,57.9,57.9,56.9,56.92,57.56,-0.64,-1.11,27954.61,160302.604
526,000938.SZ,20170920,56.88,60.85,56.88,60.0,56.92,3.08,5.41,99323.2,589622.434
527,000938.SZ,20170921,60.0,60.22,58.58,58.8,60.0,-1.2,-2.0,60700.56,360254.162
528,000938.SZ,20170922,58.98,59.83,58.69,59.21,58.8,0.41,0.7,42891.84,253914.049
529,000938.SZ,20170925,59.5,60.5,57.9,58.15,59.21,-1.06,-1.79,49576.79,293746.273
530,000938.SZ,20170926,57.87,57.96,56.91,57.33,58.15,-0.82,-1.41,30285.3,173240.067
531,000938.SZ,20170927,57.35,59.58,57.02,59.2,57.33,1.87,3.26,46013.25,268455.766
532,000938.SZ,20170928,58.95,60.45,58.72,59.44,59.2,0.24,0.41,64852.86,387334.236
533,000938.SZ,20170929,59.95,62.18,59.48,61.5,59.44,2.06,3.47,94222.84,575044.828
534,000938.SZ,20171009,62.6,65.88,62.6,63.39,61.5,1.89,3.07,101195.9,649119.106
535,000938.SZ,20171010,63.63,64.49,62.8,63.78,63.39,0.39,0.62,60676.72,386401.154
536,000938.SZ,20171011,63.84,64.75,62.5,62.7,63.78,-1.08,-1.69,66679.6,422628.813
537,000938.SZ,20171012,62.92,63.62,62.22,63.13,62.7,0.43,0.69,49987.79,314733.695
538,000938.SZ,20171013,63.12,63.13,62.19,62.54,63.13,-0.59,-0.93,32453.95,202835.653
539,000938.SZ,20171016,62.52,63.8,61.8,61.8,62.54,-0.74,-1.18,55352.26,348087.216
540,000938.SZ,20171017,61.35,62.14,60.5,61.78,61.8,-0.02,-0.03,35912.08,220533.251
541,000938.SZ,20171018,61.7,62.61,60.73,61.0,61.78,-0.78,-1.26,36079.27,223086.603
542,000938.SZ,20171019,60.93,61.49,59.8,60.04,61.0,-0.96,-1.57,34065.4,205930.392
543,000938.SZ,20171020,59.99,60.61,59.02,60.58,60.04,0.54,0.9,32962.38,197308.883
544,000938.SZ,20171023,60.31,60.87,60.2,60.72,60.58,0.14,0.23,25474.65,154056.679
545,000938.SZ,20171024,60.7,60.71,59.08,59.92,60.72,-0.8,-1.32,30691.94,183348.701
546,000938.SZ,20171025,60.1,60.59,59.87,60.45,59.92,0.53,0.88,24610.78,148383.019
547,000938.SZ,20171026,60.48,62.3,60.1,62.15,60.45,1.7,2.81,51305.18,315677.726
548,000938.SZ,20171027,62.0,62.0,61.09,61.3,62.15,-0.85,-1.37,33171.12,204153.039
549,000938.SZ,20171030,61.18,62.99,60.38,62.65,61.3,1.35,2.2,69060.31,429123.701
550,000938.SZ,20171031,62.7,63.35,62.11,63.16,62.65,0.51,0.81,50149.44,315260.835
551,000938.SZ,20171101,63.13,64.15,62.41,62.48,63.16,-0.68,-1.08,65976.72,417789.356
552,000938.SZ,20171102,62.31,63.1,61.66,62.15,62.48,-0.33,-0.53,40831.4,254935.512
553,000938.SZ,20171103,62.25,64.23,62.0,63.99,62.15,1.84,2.96,73025.9,464352.864
554,000938.SZ,20171106,64.07,65.0,63.39,64.93,63.99,0.94,1.47,71137.48,457477.477
555,000938.SZ,20171107,64.89,65.85,64.42,65.12,64.93,0.19,0.29,76780.54,501078.881
556,000938.SZ,20171108,65.29,66.4,63.95,64.05,65.12,-1.07,-1.64,74664.05,486510.194
557,000938.SZ,20171109,63.82,66.9,63.4,66.9,64.05,2.85,4.45,89684.01,583912.448
558,000938.SZ,20171110,66.67,68.99,66.51,67.21,66.9,0.31,0.46,96057.06,648574.483
559,000938.SZ,20171113,67.3,70.79,67.0,70.7,67.21,3.49,5.19,110908.68,767205.337
560,000938.SZ,20171114,70.5,70.79,68.15,68.56,70.7,-2.14,-3.03,85113.51,592032.07
561,000938.SZ,20171115,68.5,71.6,68.32,69.81,68.56,1.25,1.82,100759.93,705129.026
562,000938.SZ,20171116,70.91,71.34,68.0,69.69,69.81,-0.12,-0.17,92185.46,639672.721
563,000938.SZ,20171117,69.08,70.57,66.48,66.6,69.69,-3.09,-4.43,94391.47,648128.514
564,000938.SZ,20171120,66.7,73.26,66.49,73.26,66.6,6.66,10.0,160647.06,1138394.025
565,000938.SZ,20171121,73.49,76.58,72.21,74.24,73.26,0.98,1.34,155606.19,1154003.358
566,000938.SZ,20171122,73.95,78.11,73.04,76.1,74.24,1.86,2.51,153091.98,1156683.047
567,000938.SZ,20171123,75.22,75.88,71.71,71.77,76.1,-4.33,-5.69,110656.29,818319.042
568,000938.SZ,20171124,71.91,73.64,68.97,69.5,71.77,-2.27,-3.16,95670.97,685315.588
569,000938.SZ,20171127,70.04,71.97,67.23,68.04,69.5,-1.46,-2.1,98664.34,687358.076
570,000938.SZ,20171128,67.87,72.18,67.39,71.71,68.04,3.67,5.39,107160.12,745104.584
571,000938.SZ,20171129,71.0,71.0,66.8,68.8,71.71,-2.91,-4.06,99300.49,685625.087
572,000938.SZ,20171130,67.3,68.38,66.5,66.83,68.8,-1.97,-2.86,68866.2,463781.887
573,000938.SZ,20171201,67.0,68.88,66.66,67.76,66.83,0.93,1.39,74644.82,507251.63
574,000938.SZ,20171204,67.59,67.59,64.59,64.7,67.76,-3.06,-4.52,86286.02,563778.029
575,000938.SZ,20171205,64.97,65.29,62.27,62.94,64.7,-1.76,-2.72,78292.47,498578.089
576,000938.SZ,20171206,63.26,64.76,62.65,64.51,62.94,1.57,2.49,67563.33,430275.003
577,000938.SZ,20171207,64.03,64.29,62.81,62.94,64.51,-1.57,-2.43,44580.47,283567.253
578,000938.SZ,20171208,62.8,65.2,62.71,64.56,62.94,1.62,2.57,66745.6,430777.071
579,000938.SZ,20171211,66.8,67.99,66.45,66.84,64.56,2.28,3.53,106374.77,715469.394
580,000938.SZ,20171212,66.89,67.48,66.08,66.11,66.84,-0.73,-1.09,58425.66,389655.702
581,000938.SZ,20171213,65.64,67.04,65.5,66.84,66.11,0.73,1.1,40744.64,271417.579
582,000938.SZ,20171214,66.71,68.82,66.66,68.29,66.84,1.45,2.17,77990.52,529451.852
583,000938.SZ,20171215,68.15,68.93,66.0,66.4,68.29,-1.89,-2.77,63606.19,428840.606
584,000938.SZ,20171218,66.29,66.29,63.0,63.92,66.4,-2.48,-3.73,57589.74,371337.285
585,000938.SZ,20171219,63.92,65.19,63.89,64.79,63.92,0.87,1.36,28139.52,181946.509
586,000938.SZ,20171220,64.99,65.03,63.2,63.88,64.79,-0.91,-1.4,34023.43,217696.193
587,000938.SZ,20171221,63.88,65.78,63.36,65.5,63.88,1.62,2.54,45144.64,293032.84
588,000938.SZ,20171222,65.29,66.66,65.05,66.3,65.5,0.8,1.22,41612.51,274552.006
589,000938.SZ,20171225,66.1,67.15,65.81,66.42,66.3,0.12,0.18,40274.68,267948.5
590,000938.SZ,20171226,66.42,66.98,65.1,66.72,66.42,0.3,0.45,38344.76,253782.565
591,000938.SZ,20171227,66.67,73.36,66.42,68.81,66.72,2.09,3.13,88444.92,615302.041
592,000938.SZ,20171228,69.69,75.58,68.51,75.3,68.81,6.49,9.43,160153.83,1164094.71
593,000938.SZ,20171229,73.4,73.9,71.28,72.03,75.3,-3.27,-4.34,123543.55,896544.979
594,000938.SZ,20180102,72.4,73.09,71.08,72.27,72.03,0.24,0.33,58873.37,424166.77
595,000938.SZ,20180103,72.2,73.99,72.18,72.41,72.27,0.14,0.19,67147.91,488682.538
596,000938.SZ,20180104,72.5,73.76,71.23,71.98,72.41,-0.43,-0.59,65393.71,473738.714
597,000938.SZ,20180105,71.71,72.3,70.32,70.71,71.98,-1.27,-1.76,63502.02,451170.461
598,000938.SZ,20180108,70.85,71.5,68.87,69.79,70.71,-0.92,-1.3,57330.07,398554.116
599,000938.SZ,20180109,69.81,70.44,69.18,70.31,69.79,0.52,0.75,46283.87,323460.331
600,000938.SZ,20180110,70.05,70.97,69.0,70.0,70.31,-0.31,-0.44,44498.92,311341.02
601,000938.SZ,20180111,69.95,72.9,69.32,72.2,70.0,2.2,3.14,81582.76,585658.917
602,000938.SZ,20180112,71.8,72.99,70.77,70.83,72.2,-1.37,-1.9,52533.33,376110.666
603,000938.SZ,20180115,70.72,70.72,65.4,65.77,70.83,-5.06,-7.14,90899.28,612445.589
604,000938.SZ,20180116,65.59,66.58,64.81,65.44,65.77,-0.33,-0.5,50989.53,334176.187
605,000938.SZ,20180117,65.4,65.69,62.96,65.18,65.44,-0.26,-0.4,54369.79,349145.734
606,000938.SZ,20180118,65.15,65.58,64.4,65.18,65.18,0.0,0.0,24807.61,161428.752
607,000938.SZ,20180119,64.3,66.25,64.3,65.52,65.18,0.34,0.52,32642.94,214243.428
608,000938.SZ,20180122,65.72,66.88,64.64,66.1,65.52,0.58,0.89,36180.49,238444.437
609,000938.SZ,20180123,66.5,66.6,65.61,65.71,66.1,-0.39,-0.59,23625.89,155690.732
610,000938.SZ,20180124,65.78,68.2,64.31,67.17,65.71,1.46,2.22,54007.11,358334.855
611,000938.SZ,20180125,67.09,67.63,65.85,65.92,67.17,-1.25,-1.86,32043.14,213601.696
612,000938.SZ,20180126,66.38,67.4,65.75,65.75,65.92,-0.17,-0.26,32143.99,213808.584
613,000938.SZ,20180129,65.0,65.18,62.6,63.16,65.75,-2.59,-3.94,54033.07,343931.24
614,000938.SZ,20180130,63.19,63.45,62.69,63.16,63.16,0.0,0.0,16319.87,103093.759
615,000938.SZ,20180131,62.99,63.4,60.35,60.56,63.16,-2.6,-4.12,40058.79,245125.97
616,000938.SZ,20180201,60.57,61.39,59.2,59.56,60.56,-1.0,-1.65,34256.51,206374.365
617,000938.SZ,20180202,59.3,60.85,58.18,60.01,59.56,0.45,0.76,22880.14,137151.65
618,000938.SZ,20180205,58.95,60.16,58.3,59.03,60.01,-0.98,-1.63,21007.24,124663.697
619,000938.SZ,20180206,57.0,57.82,53.9,54.0,59.03,-5.03,-8.52,51774.69,290412.337
620,000938.SZ,20180207,55.57,56.18,53.33,55.39,54.0,1.39,2.57,43298.25,239650.629
621,000938.SZ,20180208,55.44,57.5,55.44,56.56,55.39,1.17,2.11,29789.3,169063.999
622,000938.SZ,20180209,55.2,56.5,54.01,55.43,56.56,-1.13,-2.0,32742.19,180782.576
623,000938.SZ,20180212,56.0,58.15,56.0,57.6,55.43,2.17,3.91,29139.84,166802.377
624,000938.SZ,20180213,57.67,58.6,57.2,57.35,57.6,-0.25,-0.43,25102.28,145011.895
625,000938.SZ,20180214,57.34,57.75,56.47,56.87,57.35,-0.48,-0.84,21493.08,122037.336
626,000938.SZ,20180222,57.96,60.2,57.36,59.38,56.87,2.51,4.41,31300.98,185220.68
627,000938.SZ,20180223,59.85,59.91,58.71,59.47,59.38,0.09,0.15,29920.83,177415.881
628,000938.SZ,20180226,59.83,61.66,59.11,60.81,59.47,1.34,2.25,42980.56,260745.283
629,000938.SZ,20180227,60.9,62.23,60.6,60.82,60.81,0.01,0.02,37302.11,228813.357
630,000938.SZ,20180228,60.0,61.65,59.6,60.5,60.82,-0.32,-0.53,27701.21,168388.715
631,000938.SZ,20180301,60.3,66.55,60.21,66.55,60.5,6.05,10.0,150414.49,979042.812
632,000938.SZ,20180302,67.4,67.87,65.71,67.08,66.55,0.53,0.8,116845.25,781359.42
633,000938.SZ,20180305,67.07,69.28,66.65,69.0,67.08,1.92,2.86,107997.64,732352.495
634,000938.SZ,20180306,68.4,68.84,66.85,67.53,69.0,-1.47,-2.13,73961.58,500647.361
635,000938.SZ,20180307,67.08,68.11,66.21,66.68,67.53,-0.85,-1.26,49846.21,334502.595
636,000938.SZ,20180308,66.53,67.46,66.13,66.87,66.68,0.19,0.28,38504.96,257262.343
637,000938.SZ,20180309,66.7,69.09,66.5,68.11,66.87,1.24,1.85,65684.45,447061.7
638,000938.SZ,20180312,69.02,71.4,68.63,68.9,68.11,0.79,1.16,89333.15,625027.98
639,000938.SZ,20180313,68.2,71.48,68.04,69.6,68.9,0.7,1.02,84973.0,596961.651
640,000938.SZ,20180314,69.05,71.0,67.5,67.57,69.6,-2.03,-2.92,60657.42,420135.9
641,000938.SZ,20180315,67.35,68.38,66.5,68.35,67.57,0.78,1.15,46077.04,311155.38
642,000938.SZ,20180316,68.2,68.93,66.81,66.87,68.35,-1.48,-2.17,36973.69,250832.759
643,000938.SZ,20180319,66.3,69.49,66.3,68.22,66.87,1.35,2.02,56577.78,386916.171
644,000938.SZ,20180320,68.0,68.3,66.93,68.03,68.22,-0.19,-0.28,34497.72,233261.417
645,000938.SZ,20180321,68.51,70.39,67.4,67.86,68.03,-0.17,-0.25,55985.95,387848.175
646,000938.SZ,20180322,67.59,69.49,66.83,66.96,67.86,-0.9,-1.33,49683.31,338457.196
647,000938.SZ,20180323,63.95,64.64,60.32,61.04,66.96,-5.92,-8.84,94814.42,594216.072
648,000938.SZ,20180326,60.0,63.9,60.0,63.72,61.04,2.68,4.39,59520.2,372188.689
649,000938.SZ,20180327,64.71,67.68,64.18,67.21,63.72,3.49,5.48,74635.99,493873.455
650,000938.SZ,20180328,66.0,69.2,65.81,67.98,67.21,0.77,1.15,63434.75,428440.451
651,000938.SZ,20180329,67.8,69.93,66.94,68.68,67.98,0.7,1.03,68599.62,470481.177
652,000938.SZ,20180330,69.36,74.4,69.25,72.85,68.68,4.17,6.07,139881.94,1010484.262
653,000938.SZ,20180402,74.3,80.14,74.25,80.14,72.85,7.29,10.01,182016.61,1415931.004
654,000938.SZ,20180403,79.82,81.74,77.42,80.79,80.14,0.65,0.81,176897.23,1410257.723
655,000938.SZ,20180404,80.4,80.4,76.98,77.35,80.79,-3.44,-4.26,102015.74,801654.074
656,000938.SZ,20180409,76.31,77.01,74.3,75.43,77.35,-1.92,-2.48,126382.53,954597.694
657,000938.SZ,20180410,75.82,75.82,73.53,75.15,75.43,-0.28,-0.37,96914.99,723648.693
658,000938.SZ,20180411,75.15,76.35,74.25,74.53,75.15,-0.62,-0.83,91697.43,691188.333
659,000938.SZ,20180412,74.31,75.23,72.58,73.05,74.53,-1.48,-1.99,71508.5,526741.23
660,000938.SZ,20180413,73.98,74.29,72.97,73.15,73.05,0.1,0.14,61709.72,454270.806
661,000938.SZ,20180416,72.7,76.3,72.61,75.74,73.15,2.59,3.54,121748.64,913590.383
662,000938.SZ,20180417,76.25,77.88,72.01,73.11,75.74,-2.63,-3.47,123290.16,928828.129
663,000938.SZ,20180418,74.16,80.42,72.53,79.42,73.11,6.31,8.63,160609.66,1244050.614
664,000938.SZ,20180419,79.02,79.49,76.43,76.97,79.42,-2.45,-3.08,129901.56,1009394.263
665,000938.SZ,20180420,76.2,79.48,75.66,76.58,76.97,-0.39,-0.51,110786.06,860636.277
666,000938.SZ,20180423,77.02,77.87,71.9,72.8,76.58,-3.78,-4.94,102936.89,762167.04
667,000938.SZ,20180424,72.4,74.65,68.0,74.3,72.8,1.5,2.06,88423.45,634328.76
668,000938.SZ,20180425,73.3,77.85,73.01,77.38,74.3,3.08,4.15,95777.64,729975.3
669,000938.SZ,20180426,76.0,76.0,73.69,74.03,77.38,-3.35,-4.33,65880.06,493663.538
670,000938.SZ,20180427,75.1,75.37,71.0,72.02,74.03,-2.01,-2.72,50891.81,371010.527
671,000938.SZ,20180502,72.1,74.0,71.58,72.25,72.02,0.23,0.32,36931.22,268344.572
672,000938.SZ,20180503,71.95,72.3,68.57,71.84,72.25,-0.41,-0.57,62727.3,441445.458
673,000938.SZ,20180504,71.75,74.4,71.0,71.81,71.84,-0.03,-0.04,48874.75,355648.815
674,000938.SZ,20180507,71.9,73.98,71.88,73.69,71.81,1.88,2.62,39284.48,287899.861
675,000938.SZ,20180508,73.69,74.0,72.38,73.01,73.69,-0.68,-0.92,37605.76,274054.974
676,000938.SZ,20180509,73.03,73.93,72.41,72.66,73.01,-0.35,-0.48,29050.93,212453.03
677,000938.SZ,20180510,72.9,72.98,70.19,70.97,72.66,-1.69,-2.33,45209.45,322807.869
678,000938.SZ,20180511,70.98,71.54,69.28,69.55,70.97,-1.42,-2.0,40341.22,283236.846
679,000938.SZ,20180514,70.08,71.3,68.9,69.93,69.55,0.38,0.55,37896.26,265935.812
680,000938.SZ,20180515,69.95,72.57,69.6,72.34,69.93,2.41,3.45,45699.82,323703.157
681,000938.SZ,20180516,71.99,72.25,71.0,71.48,72.34,-0.86,-1.19,35157.96,251794.95
682,000938.SZ,20180517,71.36,72.6,70.8,71.23,71.48,-0.25,-0.35,28500.46,204343.172
683,000938.SZ,20180518,70.88,71.81,69.8,70.97,71.23,-0.26,-0.37,28361.51,200462.781
684,000938.SZ,20180521,70.5,73.77,70.45,73.57,70.97,2.6,3.66,61466.3,446580.238
685,000938.SZ,20180522,73.7,73.97,72.58,73.57,73.57,0.0,0.0,36268.83,265442.735
686,000938.SZ,20180523,73.34,75.4,73.0,73.45,73.57,-0.12,-0.16,59343.65,439835.547
687,000938.SZ,20180524,73.38,74.88,73.14,74.0,73.45,0.55,0.75,43075.86,318832.018
688,000938.SZ,20180525,74.06,74.25,70.36,70.44,74.0,-3.56,-4.81,53873.37,387596.785
689,000938.SZ,20180528,70.6,70.8,68.22,68.35,70.44,-2.09,-2.97,53109.15,368399.802
690,000938.SZ,20180529,68.46,69.78,67.95,68.03,68.35,-0.32,-0.47,31740.64,218178.401
691,000938.SZ,20180530,67.58,69.17,66.6,67.63,68.03,-0.4,-0.59,31654.34,215805.081
692,000938.SZ,20180531,68.3,68.7,65.5,67.3,67.63,-0.33,-0.49,40481.96,271157.72
693,000938.SZ,20180601,67.19,67.67,65.54,65.81,67.3,-1.49,-2.21,24593.6,163355.001
694,000938.SZ,20180604,66.38,66.85,64.51,66.0,65.81,0.19,0.29,30970.51,204206.745
695,000938.SZ,20180605,66.5,67.81,66.22,67.74,66.0,1.74,2.64,30951.09,207630.175
696,000938.SZ,20180606,67.72,68.26,67.08,67.46,67.74,-0.28,-0.41,24659.95,166968.034
697,000938.SZ,20180607,68.0,68.45,67.0,67.09,67.46,-0.37,-0.55,19720.66,133445.799
698,000938.SZ,20180608,67.18,67.88,66.0,66.44,67.09,-0.65,-0.97,23355.44,156319.068
699,000938.SZ,20180611,66.4,66.4,64.91,65.14,66.44,-1.3,-1.96,23119.83,151197.971
700,000938.SZ,20180612,65.15,65.94,64.22,65.7,65.14,0.56,0.86,22121.53,143788.532
701,000938.SZ,20180613,65.0,67.42,64.9,65.5,65.7,-0.2,-0.3,26561.91,176025.092
702,000938.SZ,20180614,65.43,66.66,64.7,65.59,65.5,0.09,0.14,29113.17,191146.17
703,000938.SZ,20180615,65.5,66.02,63.6,63.71,65.59,-1.88,-2.87,32631.36,209954.768
704,000938.SZ,20180619,63.01,64.19,57.34,58.5,63.71,-5.21,-8.18,54100.77,326493.849
705,000938.SZ,20180620,58.55,60.25,58.25,59.77,58.5,1.27,2.17,35716.9,211916.047
706,000938.SZ,20180621,59.73,60.2,57.2,57.28,59.77,-2.49,-4.17,32519.13,189996.04
707,000938.SZ,20180622,56.76,59.0,56.3,58.21,57.28,0.93,1.62,24892.83,144486.714
708,000938.SZ,20180625,59.0,59.25,57.48,57.56,58.21,-0.65,-1.12,23089.17,134887.577
709,000938.SZ,20180626,56.33,60.1,56.31,59.57,57.56,2.01,3.49,36265.44,213997.516
710,000938.SZ,20180627,59.7,60.4,58.65,58.85,59.57,-0.72,-1.21,32497.12,192951.007
711,000938.SZ,20180628,59.12,60.13,58.85,59.15,58.85,0.3,0.51,30144.44,179734.379
712,000938.SZ,20180629,59.49,62.93,59.32,62.6,59.15,3.45,5.83,68650.65,420558.174
713,000938.SZ,20180702,62.6,63.05,61.33,61.99,62.6,-0.61,-0.97,39676.88,246703.103
714,000938.SZ,20180703,62.15,65.25,61.55,64.62,61.99,2.63,4.24,55143.04,349082.572
715,000938.SZ,20180704,64.0,64.42,61.3,61.89,64.62,-2.73,-4.22,42174.89,263439.412
716,000938.SZ,20180705,44.29,44.29,41.5,42.01,44.06,-2.05,-4.65,52992.86,225907.039
717,000938.SZ,20180706,42.02,43.32,41.0,42.41,42.01,0.4,0.95,61863.78,262531.759
718,000938.SZ,20180709,42.28,43.2,41.83,43.15,42.41,0.74,1.74,40673.57,174161.789
719,000938.SZ,20180710,42.95,43.3,42.35,43.14,43.15,-0.01,-0.02,35652.04,152634.354
720,000938.SZ,20180711,42.24,42.33,39.75,40.84,43.14,-2.3,-5.33,61976.92,254308.806
721,000938.SZ,20180712,40.8,43.6,40.61,42.91,40.84,2.07,5.07,74649.04,318321.825
722,000938.SZ,20180713,42.93,43.73,42.9,43.45,42.91,0.54,1.26,45946.05,198898.65
723,000938.SZ,20180716,43.65,45.5,43.65,44.7,43.45,1.25,2.88,68360.43,305256.237
724,000938.SZ,20180717,44.62,45.33,44.01,44.91,44.7,0.21,0.47,52225.67,233439.888
725,000938.SZ,20180718,45.09,45.93,44.05,44.15,44.91,-0.76,-1.69,43511.84,194471.638
726,000938.SZ,20180719,44.29,44.43,43.2,43.57,44.15,-0.58,-1.31,41685.25,182308.413
727,000938.SZ,20180720,43.21,44.98,43.2,44.8,43.57,1.23,2.823,58708.14,260573.027
728,000938.SZ,20180723,44.8,47.19,44.27,46.83,44.8,2.03,4.5313,107740.96,499825.234
729,000938.SZ,20180724,46.9,48.5,46.1,46.9,46.83,0.07,0.1495,79726.52,376219.147
730,000938.SZ,20180725,47.1,51.59,46.94,50.2,46.9,3.3,7.0362,149596.59,739842.234
731,000938.SZ,20180726,48.0,49.1,47.08,47.82,50.2,-2.38,-4.741,111612.36,536922.943
732,000938.SZ,20180727,47.7,47.8,46.41,46.9,47.82,-0.92,-1.9239,45262.94,212826.706
733,000938.SZ,20180730,46.83,47.66,46.12,46.65,46.9,-0.25,-0.533,38542.72,180201.758
734,000938.SZ,20180731,46.65,49.19,46.65,48.05,46.65,1.4,3.0011,62596.1,300128.536
735,000938.SZ,20180801,48.5,48.77,47.02,47.1,48.05,-0.95,-1.9771,53968.08,258265.297
736,000938.SZ,20180802,46.47,47.5,45.23,47.18,47.1,0.08,0.1699,52369.65,241874.937
737,000938.SZ,20180803,46.81,47.19,45.41,45.45,47.18,-1.73,-3.6668,37333.95,172526.701
738,000938.SZ,20180806,45.01,45.35,41.6,41.83,45.45,-3.62,-7.9648,77647.87,335683.74
739,000938.SZ,20180807,42.09,43.14,41.03,43.13,41.83,1.3,3.1078,67390.15,284666.203
740,000938.SZ,20180808,42.75,43.25,40.8,40.9,43.13,-2.23,-5.1704,76196.24,317741.908
741,000938.SZ,20180809,41.18,44.88,40.95,43.8,40.9,2.9,7.0905,98242.33,425061.392
742,000938.SZ,20180810,43.95,45.35,43.5,45.18,43.8,1.38,3.1507,88444.75,395100.729
743,000938.SZ,20180813,45.9,48.17,45.49,47.85,45.18,2.67,5.9097,111681.86,523486.98
744,000938.SZ,20180814,47.0,47.97,46.58,47.63,47.85,-0.22,-0.4598,68198.89,322988.114
745,000938.SZ,20180815,47.7,48.8,46.72,46.78,47.63,-0.85,-1.7846,84751.35,403554.792
746,000938.SZ,20180816,45.85,47.85,45.31,46.4,46.78,-0.38,-0.8123,65214.24,306130.377
747,000938.SZ,20180817,47.3,47.77,44.74,44.74,46.4,-1.66,-3.5776,72424.19,334334.198
748,000938.SZ,20180820,45.26,47.1,44.81,46.72,44.74,1.98,4.4256,79802.86,366753.301
749,000938.SZ,20180821,46.9,47.98,46.01,47.35,46.72,0.63,1.3485,73739.0,347270.008
750,000938.SZ,20180822,46.97,47.66,46.15,46.36,47.35,-0.99,-2.0908,49081.76,229419.485
751,000938.SZ,20180823,46.11,47.85,46.11,47.3,46.36,0.94,2.0276,73853.88,349480.673
752,000938.SZ,20180824,47.21,47.29,45.6,46.06,47.3,-1.24,-2.6216,73617.81,340545.263
753,000938.SZ,20180827,46.27,48.28,46.21,47.9,46.06,1.84,3.9948,90315.13,428652.749
754,000938.SZ,20180828,47.98,48.6,47.31,47.7,47.9,-0.2,-0.4175,71482.49,341498.414
755,000938.SZ,20180829,47.58,47.8,46.31,47.12,47.7,-0.58,-1.2159,63753.98,298767.06
756,000938.SZ,20180830,47.02,47.15,45.01,45.23,47.12,-1.89,-4.011,87638.26,400288.38
757,000938.SZ,20180831,45.0,45.65,44.5,45.0,45.23,-0.23,-0.5085,44768.81,201736.851
758,000938.SZ,20180903,45.02,45.16,43.09,44.91,45.0,-0.09,-0.2,56724.16,249314.08
759,000938.SZ,20180904,44.75,46.07,44.31,45.59,44.91,0.68,1.5141,54151.35,244952.505
760,000938.SZ,20180905,45.4,45.4,43.0,43.15,45.59,-2.44,-5.3521,91495.91,400111.377
761,000938.SZ,20180906,42.61,43.97,42.6,43.16,43.15,0.01,0.0232,44934.37,194677.087
762,000938.SZ,20180907,43.3,43.93,41.28,41.8,43.16,-1.36,-3.1511,65553.33,277333.79
763,000938.SZ,20180910,42.12,42.3,41.05,41.32,41.8,-0.48,-1.1483,35730.11,148716.41
764,000938.SZ,20180911,41.63,42.27,41.26,41.71,41.32,0.39,0.9439,33485.06,139786.665
765,000938.SZ,20180912,41.89,42.62,41.7,41.92,41.71,0.21,0.5035,40506.03,170846.308
766,000938.SZ,20180913,42.6,42.98,41.63,42.35,41.92,0.43,1.0258,39081.16,165634.207
767,000938.SZ,20180914,42.35,42.49,41.19,41.36,42.35,-0.99,-2.3377,33384.97,139227.51
768,000938.SZ,20180917,41.29,41.29,40.3,40.36,41.36,-1.0,-2.4178,27224.46,110621.329
769,000938.SZ,20180918,40.11,41.28,40.11,41.26,40.36,0.9,2.2299,30335.74,124012.157
770,000938.SZ,20180919,41.18,42.85,40.95,42.19,41.26,0.93,2.254,48033.61,202023.202
771,000938.SZ,20180920,42.1,42.42,41.81,41.86,42.19,-0.33,-0.7822,20064.46,84323.029
772,000938.SZ,20180921,42.05,42.75,41.6,42.43,41.86,0.57,1.3617,31266.46,132052.348
773,000938.SZ,20180925,42.28,43.2,42.02,42.65,42.43,0.22,0.5185,28069.92,119943.135
774,000938.SZ,20180926,42.95,43.1,42.35,42.9,42.65,0.25,0.5862,28850.11,123336.996
775,000938.SZ,20180927,42.68,43.1,41.96,42.06,42.9,-0.84,-1.958,28004.2,118953.856
776,000938.SZ,20180928,42.0,42.45,41.68,42.13,42.06,0.07,0.1664,23828.16,100363.544
